cell_type,condition,metric,gene_set,n_cells,mean_fidelity,median_fidelity,std_fidelity
AC,Control_heldout,cosine,hvg_1000,4126,0.47162346347644063,0.4708070446462397,0.08172671756351116
AC,Control_heldout,pearson,hvg_1000,4126,0.41444799410613165,0.4157263291417449,0.08728038648198674
AC,Control_heldout,spearman,hvg_1000,4126,0.304581649116835,0.2972223378452778,0.059495650181074694
AC,LD,cosine,hvg_1000,342,0.40509911771016266,0.40319243985553543,0.05727828216864111
AC,LD,pearson,hvg_1000,342,0.34848868661888094,0.34872294809109966,0.06215630126639513
AC,LD,spearman,hvg_1000,342,0.2585791003296206,0.2543985496613823,0.04460188274198902
AC,NMDA,cosine,hvg_1000,1424,0.37625846926042184,0.37948648820382797,0.07485978864700582
AC,NMDA,pearson,hvg_1000,1424,0.32066271670931434,0.323589395981177,0.07693679149652834
AC,NMDA,spearman,hvg_1000,1424,0.23871183097086465,0.24024884219642545,0.050411385816837816
BC,Control_heldout,cosine,hvg_1000,18866,0.488611970736063,0.48593602711806183,0.06571063150122253
BC,Control_heldout,pearson,hvg_1000,18866,0.44087922225211684,0.43940165174357565,0.07200347168683134
BC,Control_heldout,spearman,hvg_1000,18866,0.2876035138254833,0.2818633714259604,0.044475077042025114
BC,LD,cosine,hvg_1000,545,0.4423431069305593,0.4488610278673341,0.05411711462194244
BC,LD,pearson,hvg_1000,545,0.3930638898080103,0.39956612894949156,0.06387970268961714
BC,LD,spearman,hvg_1000,545,0.2606261006879673,0.2621345782428724,0.027538743647005797
BC,NMDA,cosine,hvg_1000,848,0.3885977363144943,0.3974393254542652,0.06962465801941768
BC,NMDA,pearson,hvg_1000,848,0.33067993953594527,0.33904220809756735,0.07719783468570851
BC,NMDA,spearman,hvg_1000,848,0.24363477164094233,0.24794199954939813,0.0415380844947493
Cones,Control_heldout,cosine,hvg_1000,3039,0.5470240669888897,0.5412697031068104,0.07974101622015149
Cones,Control_heldout,pearson,hvg_1000,3039,0.4998027023383239,0.4970143314301604,0.07741370341007546
Cones,Control_heldout,spearman,hvg_1000,3039,0.3520332314265025,0.3263011825395494,0.09690362859030639
Cones,LD,cosine,hvg_1000,372,0.37921950384017034,0.3743064774565284,0.0562484276102247
Cones,LD,pearson,hvg_1000,372,0.341811232431032,0.33570653539225165,0.058244818769084335
Cones,LD,spearman,hvg_1000,372,0.23276695943698206,0.22764996329791787,0.038002906035382734
Cones,NMDA,cosine,hvg_1000,424,0.3733650155259541,0.3722653795737934,0.06889497332514108
Cones,NMDA,pearson,hvg_1000,424,0.3312716567107175,0.3309322531978742,0.07096690999198524
Cones,NMDA,spearman,hvg_1000,424,0.23490353465804134,0.2285441631107928,0.04799534423987519
HC,Control_heldout,cosine,hvg_1000,5397,0.5968574437814481,0.6000247728164317,0.05457281138067171
HC,Control_heldout,pearson,hvg_1000,5397,0.5566879199289035,0.5629484958007932,0.061647892045745896
HC,Control_heldout,spearman,hvg_1000,5397,0.34898709016253293,0.32889087647448845,0.0741287213414147
HC,LD,cosine,hvg_1000,692,0.4470474376077981,0.4512699669003619,0.03882011260516168
HC,LD,pearson,hvg_1000,692,0.4099324111689067,0.4142485186660855,0.04364152077805378
HC,LD,spearman,hvg_1000,692,0.27075229003388884,0.27042944452135764,0.035266465807981054
HC,NMDA,cosine,hvg_1000,1070,0.42375959454343415,0.4287127299782385,0.044969726605907034
HC,NMDA,pearson,hvg_1000,1070,0.3802469920056004,0.3881130052259847,0.054976336336915003
HC,NMDA,spearman,hvg_1000,1070,0.26061999553678644,0.25534707227965503,0.03696597665149486
MG,Control_heldout,cosine,hvg_1000,2613,0.5643262989887928,0.5785275188225153,0.08425565997797618
MG,Control_heldout,pearson,hvg_1000,2613,0.5200425092969814,0.5377879115059,0.0978317621692333
MG,Control_heldout,spearman,hvg_1000,2613,0.3411146814455687,0.332860291715278,0.06481016901316741
MG,LD,cosine,hvg_1000,4835,0.5184876110019144,0.5372129679815105,0.08289967049300699
MG,LD,pearson,hvg_1000,4835,0.4856770315439702,0.5026950232743846,0.08373686816478755
MG,LD,spearman,hvg_1000,4835,0.29264599591979606,0.3030508071779845,0.05609006033133718
MG,NMDA,cosine,hvg_1000,4611,0.500121678113916,0.5156747218816031,0.07339734732688818
MG,NMDA,pearson,hvg_1000,4611,0.4633634465058036,0.4782685738369976,0.07598083606162094
MG,NMDA,spearman,hvg_1000,4611,0.2855773861873322,0.2927094448429214,0.04904193944500763
MGPC,Control_heldout,cosine,hvg_1000,455,0.5557355671044946,0.5530565572235187,0.06813793538526351
MGPC,Control_heldout,pearson,hvg_1000,455,0.5062035477463592,0.5028699528401724,0.0817077270712868
MGPC,Control_heldout,spearman,hvg_1000,455,0.3193997217539501,0.3125363666443051,0.05752849179308706
MGPC,LD,cosine,hvg_1000,1743,0.4753199495090691,0.47914533752731436,0.036670581900991345
MGPC,LD,pearson,hvg_1000,1743,0.44129392650782234,0.44846697287969145,0.04535114190280744
MGPC,LD,spearman,hvg_1000,1743,0.271736178750424,0.2685904256247699,0.043487612082848646
MGPC,NMDA,cosine,hvg_1000,2273,0.46982816995309457,0.4758988797017629,0.05071872545813186
MGPC,NMDA,pearson,hvg_1000,2273,0.4322575353700245,0.4467102676802973,0.06371452012630588
MGPC,NMDA,spearman,hvg_1000,2273,0.2660318780204154,0.2610406605962805,0.04687001432297521
PR precursors,Control_heldout,cosine,hvg_1000,353,0.597768206571647,0.598033442915416,0.04972368118988599
PR precursors,Control_heldout,pearson,hvg_1000,353,0.5562735199618304,0.5566437096760852,0.05922659699416876
PR precursors,Control_heldout,spearman,hvg_1000,353,0.34146376424393243,0.3233059925864706,0.07204757166268329
PR precursors,LD,cosine,hvg_1000,1619,0.5558260256387361,0.559213466725231,0.03493297903083135
PR precursors,LD,pearson,hvg_1000,1619,0.5373407838830054,0.5409264626024493,0.04068721724466272
PR precursors,LD,spearman,hvg_1000,1619,0.2589026937375252,0.25812788560704136,0.026884428850253446
PR precursors,NMDA,cosine,hvg_1000,2140,0.5574171163236357,0.5598047117189879,0.03706127877121409
PR precursors,NMDA,pearson,hvg_1000,2140,0.5382454542505981,0.5416551510967464,0.043585459785710434
PR precursors,NMDA,spearman,hvg_1000,2140,0.2568535702736355,0.25283065162437185,0.035155459225778105
RGC,Control_heldout,cosine,hvg_1000,1290,0.5563703722598439,0.5570717837090615,0.05966657224633514
RGC,Control_heldout,pearson,hvg_1000,1290,0.49397148529938356,0.4971213376321204,0.062209108470848574
RGC,Control_heldout,spearman,hvg_1000,1290,0.37817958231958937,0.37388348149799755,0.05285778926268475
RGC,LD,cosine,hvg_1000,157,0.45077446355159306,0.4512149368906994,0.06475114869443215
RGC,LD,pearson,hvg_1000,157,0.36550189882207257,0.36301825869852855,0.07558955300035848
RGC,LD,spearman,hvg_1000,157,0.3383097517495639,0.3408697850404746,0.04263199081825986
RGC,NMDA,cosine,hvg_1000,456,0.43185190699272946,0.4550482058553046,0.09244250784412412
RGC,NMDA,pearson,hvg_1000,456,0.3485341911242184,0.3666900316409475,0.10365239027089358
RGC,NMDA,spearman,hvg_1000,456,0.32516712017329874,0.33501557688790684,0.06242840912770114
Rod,Control_heldout,cosine,hvg_1000,1916,0.5830273229931163,0.5840514648182775,0.0641972303206394
Rod,Control_heldout,pearson,hvg_1000,1916,0.5454080749677795,0.5515264636249124,0.07156816906507067
Rod,Control_heldout,spearman,hvg_1000,1916,0.3295059459931741,0.31434606410558924,0.0892501718295298
Rod,LD,cosine,hvg_1000,886,0.47307732766864374,0.475873463016554,0.05011023117811492
Rod,LD,pearson,hvg_1000,886,0.42437700827387803,0.4262320907648055,0.06172286675233439
Rod,LD,spearman,hvg_1000,886,0.2911685359456417,0.2569719705205734,0.09417029711733554
Rod,NMDA,cosine,hvg_1000,2120,0.4719254825443834,0.4686267834249119,0.04383487709090768
Rod,NMDA,pearson,hvg_1000,2120,0.39183288805441663,0.370825354846022,0.06699756999666573
Rod,NMDA,spearman,hvg_1000,2120,0.3566499025228506,0.3941422439738127,0.09451750065576515
