cell_type,comparison,condition_a,condition_b,metric,gene_set,n_genes,similarity,n_cells_a,n_cells_b,low_cell_count_warning,expression_source
AC,Control_vs_LD,Control,LD,pearson,shared_expressed,24184,0.9050188795354005,13751,342,False,raw.X
AC,Control_vs_LD,Control,LD,spearman,shared_expressed,24184,0.9147345989766366,13751,342,False,raw.X
AC,Control_vs_LD,Control,LD,cosine,shared_expressed,24184,0.9241812229156494,13751,342,False,raw.X
AC,Control_vs_NMDA,Control,NMDA,pearson,shared_expressed,24184,0.9050001020454196,13751,1424,False,raw.X
AC,Control_vs_NMDA,Control,NMDA,spearman,shared_expressed,24184,0.9243866186534332,13751,1424,False,raw.X
AC,Control_vs_NMDA,Control,NMDA,cosine,shared_expressed,24184,0.9234115481376648,13751,1424,False,raw.X
AC,LD_vs_NMDA,LD,NMDA,pearson,shared_expressed,24184,0.971927107495514,342,1424,False,raw.X
AC,LD_vs_NMDA,LD,NMDA,spearman,shared_expressed,24184,0.9622740545918247,342,1424,False,raw.X
AC,LD_vs_NMDA,LD,NMDA,cosine,shared_expressed,24184,0.9772728085517883,342,1424,False,raw.X
AC,Control_vs_LD,Control,LD,pearson,hvg_500,500,0.6682639826549501,13751,342,False,raw.X
AC,Control_vs_LD,Control,LD,spearman,hvg_500,500,0.711681743780946,13751,342,False,raw.X
AC,Control_vs_LD,Control,LD,cosine,hvg_500,500,0.7785392999649048,13751,342,False,raw.X
AC,Control_vs_NMDA,Control,NMDA,pearson,hvg_500,500,0.6402737736283256,13751,1424,False,raw.X
AC,Control_vs_NMDA,Control,NMDA,spearman,hvg_500,500,0.7106645600245853,13751,1424,False,raw.X
AC,Control_vs_NMDA,Control,NMDA,cosine,hvg_500,500,0.7677391171455383,13751,1424,False,raw.X
AC,LD_vs_NMDA,LD,NMDA,pearson,hvg_500,500,0.8385220549068136,342,1424,False,raw.X
AC,LD_vs_NMDA,LD,NMDA,spearman,hvg_500,500,0.8789421507672274,342,1424,False,raw.X
AC,LD_vs_NMDA,LD,NMDA,cosine,hvg_500,500,0.8888025283813477,342,1424,False,raw.X
AC,Control_vs_LD,Control,LD,pearson,hvg_1000,1000,0.6807071869321407,13751,342,False,raw.X
AC,Control_vs_LD,Control,LD,spearman,hvg_1000,1000,0.7678810369298187,13751,342,False,raw.X
AC,Control_vs_LD,Control,LD,cosine,hvg_1000,1000,0.7740052342414856,13751,342,False,raw.X
AC,Control_vs_NMDA,Control,NMDA,pearson,hvg_1000,1000,0.6976800040022996,13751,1424,False,raw.X
AC,Control_vs_NMDA,Control,NMDA,spearman,hvg_1000,1000,0.7694451524830187,13751,1424,False,raw.X
AC,Control_vs_NMDA,Control,NMDA,cosine,hvg_1000,1000,0.7879610061645508,13751,1424,False,raw.X
AC,LD_vs_NMDA,LD,NMDA,pearson,hvg_1000,1000,0.8798957832382218,342,1424,False,raw.X
AC,LD_vs_NMDA,LD,NMDA,spearman,hvg_1000,1000,0.908917402750619,342,1424,False,raw.X
AC,LD_vs_NMDA,LD,NMDA,cosine,hvg_1000,1000,0.9146575927734375,342,1424,False,raw.X
AC,Control_vs_LD,Control,LD,pearson,hvg_2000,2000,0.7164823462601225,13751,342,False,raw.X
AC,Control_vs_LD,Control,LD,spearman,hvg_2000,2000,0.824305136517117,13751,342,False,raw.X
AC,Control_vs_LD,Control,LD,cosine,hvg_2000,2000,0.780315101146698,13751,342,False,raw.X
AC,Control_vs_NMDA,Control,NMDA,pearson,hvg_2000,2000,0.7333270651832539,13751,1424,False,raw.X
AC,Control_vs_NMDA,Control,NMDA,spearman,hvg_2000,2000,0.8305912495674276,13751,1424,False,raw.X
AC,Control_vs_NMDA,Control,NMDA,cosine,hvg_2000,2000,0.795209527015686,13751,1424,False,raw.X
AC,LD_vs_NMDA,LD,NMDA,pearson,hvg_2000,2000,0.9316669143256227,342,1424,False,raw.X
AC,LD_vs_NMDA,LD,NMDA,spearman,hvg_2000,2000,0.9304667615678192,342,1424,False,raw.X
AC,LD_vs_NMDA,LD,NMDA,cosine,hvg_2000,2000,0.9466341137886047,342,1424,False,raw.X
BC,Control_vs_LD,Control,LD,pearson,shared_expressed,24247,0.8780593942444315,62885,545,False,raw.X
BC,Control_vs_LD,Control,LD,spearman,shared_expressed,24247,0.8997797337190073,62885,545,False,raw.X
BC,Control_vs_LD,Control,LD,cosine,shared_expressed,24247,0.8947516679763794,62885,545,False,raw.X
BC,Control_vs_NMDA,Control,NMDA,pearson,shared_expressed,24247,0.8970840213698087,62885,848,False,raw.X
BC,Control_vs_NMDA,Control,NMDA,spearman,shared_expressed,24247,0.9110500445301324,62885,848,False,raw.X
BC,Control_vs_NMDA,Control,NMDA,cosine,shared_expressed,24247,0.9116674661636353,62885,848,False,raw.X
BC,LD_vs_NMDA,LD,NMDA,pearson,shared_expressed,24247,0.9666915389992189,545,848,False,raw.X
BC,LD_vs_NMDA,LD,NMDA,spearman,shared_expressed,24247,0.9444114402234015,545,848,False,raw.X
BC,LD_vs_NMDA,LD,NMDA,cosine,shared_expressed,24247,0.9712790846824646,545,848,False,raw.X
BC,Control_vs_LD,Control,LD,pearson,hvg_500,500,0.7664125965596342,62885,545,False,raw.X
BC,Control_vs_LD,Control,LD,spearman,hvg_500,500,0.7162553660717251,62885,545,False,raw.X
BC,Control_vs_LD,Control,LD,cosine,hvg_500,500,0.8149306774139404,62885,545,False,raw.X
BC,Control_vs_NMDA,Control,NMDA,pearson,hvg_500,500,0.7290657376010109,62885,848,False,raw.X
BC,Control_vs_NMDA,Control,NMDA,spearman,hvg_500,500,0.7407221373558371,62885,848,False,raw.X
BC,Control_vs_NMDA,Control,NMDA,cosine,hvg_500,500,0.8018588423728943,62885,848,False,raw.X
BC,LD_vs_NMDA,LD,NMDA,pearson,hvg_500,500,0.9248454335894352,545,848,False,raw.X
BC,LD_vs_NMDA,LD,NMDA,spearman,hvg_500,500,0.9424184018780841,545,848,False,raw.X
BC,LD_vs_NMDA,LD,NMDA,cosine,hvg_500,500,0.9384297132492065,545,848,False,raw.X
BC,Control_vs_LD,Control,LD,pearson,hvg_1000,1000,0.7160511605039009,62885,545,False,raw.X
BC,Control_vs_LD,Control,LD,spearman,hvg_1000,1000,0.7944591638823545,62885,545,False,raw.X
BC,Control_vs_LD,Control,LD,cosine,hvg_1000,1000,0.7661586403846741,62885,545,False,raw.X
BC,Control_vs_NMDA,Control,NMDA,pearson,hvg_1000,1000,0.7183039231162375,62885,848,False,raw.X
BC,Control_vs_NMDA,Control,NMDA,spearman,hvg_1000,1000,0.8075465048063453,62885,848,False,raw.X
BC,Control_vs_NMDA,Control,NMDA,cosine,hvg_1000,1000,0.778012216091156,62885,848,False,raw.X
BC,LD_vs_NMDA,LD,NMDA,pearson,hvg_1000,1000,0.9441751308367318,545,848,False,raw.X
BC,LD_vs_NMDA,LD,NMDA,spearman,hvg_1000,1000,0.9466199317599823,545,848,False,raw.X
BC,LD_vs_NMDA,LD,NMDA,cosine,hvg_1000,1000,0.9523617029190063,545,848,False,raw.X
BC,Control_vs_LD,Control,LD,pearson,hvg_2000,2000,0.7415861586648961,62885,545,False,raw.X
BC,Control_vs_LD,Control,LD,spearman,hvg_2000,2000,0.8264744122377159,62885,545,False,raw.X
BC,Control_vs_LD,Control,LD,cosine,hvg_2000,2000,0.7778698205947876,62885,545,False,raw.X
BC,Control_vs_NMDA,Control,NMDA,pearson,hvg_2000,2000,0.7557004486074494,62885,848,False,raw.X
BC,Control_vs_NMDA,Control,NMDA,spearman,hvg_2000,2000,0.8422452705504312,62885,848,False,raw.X
BC,Control_vs_NMDA,Control,NMDA,cosine,hvg_2000,2000,0.7962222099304199,62885,848,False,raw.X
BC,LD_vs_NMDA,LD,NMDA,pearson,hvg_2000,2000,0.9528541231277771,545,848,False,raw.X
BC,LD_vs_NMDA,LD,NMDA,spearman,hvg_2000,2000,0.9453119340694146,545,848,False,raw.X
BC,LD_vs_NMDA,LD,NMDA,cosine,hvg_2000,2000,0.9582820534706116,545,848,False,raw.X
Cones,Control_vs_LD,Control,LD,pearson,shared_expressed,23816,0.7983255637011177,10127,372,False,raw.X
Cones,Control_vs_LD,Control,LD,spearman,shared_expressed,23816,0.8661387652792472,10127,372,False,raw.X
Cones,Control_vs_LD,Control,LD,cosine,shared_expressed,23816,0.820482611656189,10127,372,False,raw.X
Cones,Control_vs_NMDA,Control,NMDA,pearson,shared_expressed,23816,0.8402205654911592,10127,424,False,raw.X
Cones,Control_vs_NMDA,Control,NMDA,spearman,shared_expressed,23816,0.8923037003375349,10127,424,False,raw.X
Cones,Control_vs_NMDA,Control,NMDA,cosine,shared_expressed,23816,0.857517659664154,10127,424,False,raw.X
Cones,LD_vs_NMDA,LD,NMDA,pearson,shared_expressed,23816,0.9801730589050193,372,424,False,raw.X
Cones,LD_vs_NMDA,LD,NMDA,spearman,shared_expressed,23816,0.9190550756568134,372,424,False,raw.X
Cones,LD_vs_NMDA,LD,NMDA,cosine,shared_expressed,23816,0.9821450710296631,372,424,False,raw.X
Cones,Control_vs_LD,Control,LD,pearson,hvg_500,500,0.42550976616872227,10127,372,False,raw.X
Cones,Control_vs_LD,Control,LD,spearman,hvg_500,500,0.7587314041516322,10127,372,False,raw.X
Cones,Control_vs_LD,Control,LD,cosine,hvg_500,500,0.4750151038169861,10127,372,False,raw.X
Cones,Control_vs_NMDA,Control,NMDA,pearson,hvg_500,500,0.4870356593795181,10127,424,False,raw.X
Cones,Control_vs_NMDA,Control,NMDA,spearman,hvg_500,500,0.8001468061743506,10127,424,False,raw.X
Cones,Control_vs_NMDA,Control,NMDA,cosine,hvg_500,500,0.5462760329246521,10127,424,False,raw.X
Cones,LD_vs_NMDA,LD,NMDA,pearson,hvg_500,500,0.9644194626154181,372,424,False,raw.X
Cones,LD_vs_NMDA,LD,NMDA,spearman,hvg_500,500,0.9022890874730576,372,424,False,raw.X
Cones,LD_vs_NMDA,LD,NMDA,cosine,hvg_500,500,0.9655590057373047,372,424,False,raw.X
Cones,Control_vs_LD,Control,LD,pearson,hvg_1000,1000,0.4502052584851653,10127,372,False,raw.X
Cones,Control_vs_LD,Control,LD,spearman,hvg_1000,1000,0.7790520578507054,10127,372,False,raw.X
Cones,Control_vs_LD,Control,LD,cosine,hvg_1000,1000,0.49646201729774475,10127,372,False,raw.X
Cones,Control_vs_NMDA,Control,NMDA,pearson,hvg_1000,1000,0.509752812938276,10127,424,False,raw.X
Cones,Control_vs_NMDA,Control,NMDA,spearman,hvg_1000,1000,0.8099469120312082,10127,424,False,raw.X
Cones,Control_vs_NMDA,Control,NMDA,cosine,hvg_1000,1000,0.5601108074188232,10127,424,False,raw.X
Cones,LD_vs_NMDA,LD,NMDA,pearson,hvg_1000,1000,0.9731844562058608,372,424,False,raw.X
Cones,LD_vs_NMDA,LD,NMDA,spearman,hvg_1000,1000,0.896947727798896,372,424,False,raw.X
Cones,LD_vs_NMDA,LD,NMDA,cosine,hvg_1000,1000,0.9742675423622131,372,424,False,raw.X
Cones,Control_vs_LD,Control,LD,pearson,hvg_2000,2000,0.541230543545368,10127,372,False,raw.X
Cones,Control_vs_LD,Control,LD,spearman,hvg_2000,2000,0.7684222012639511,10127,372,False,raw.X
Cones,Control_vs_LD,Control,LD,cosine,hvg_2000,2000,0.5771092772483826,10127,372,False,raw.X
Cones,Control_vs_NMDA,Control,NMDA,pearson,hvg_2000,2000,0.5940682572080135,10127,424,False,raw.X
Cones,Control_vs_NMDA,Control,NMDA,spearman,hvg_2000,2000,0.8117424902394585,10127,424,False,raw.X
Cones,Control_vs_NMDA,Control,NMDA,cosine,hvg_2000,2000,0.6306701302528381,10127,424,False,raw.X
Cones,LD_vs_NMDA,LD,NMDA,pearson,hvg_2000,2000,0.9713049539013484,372,424,False,raw.X
Cones,LD_vs_NMDA,LD,NMDA,spearman,hvg_2000,2000,0.8848294301091613,372,424,False,raw.X
Cones,LD_vs_NMDA,LD,NMDA,cosine,hvg_2000,2000,0.972849428653717,372,424,False,raw.X
HC,Control_vs_LD,Control,LD,pearson,shared_expressed,23958,0.8801784325533201,17989,692,False,raw.X
HC,Control_vs_LD,Control,LD,spearman,shared_expressed,23958,0.8960995201678426,17989,692,False,raw.X
HC,Control_vs_LD,Control,LD,cosine,shared_expressed,23958,0.8978171944618225,17989,692,False,raw.X
HC,Control_vs_NMDA,Control,NMDA,pearson,shared_expressed,23958,0.8851928241928289,17989,1070,False,raw.X
HC,Control_vs_NMDA,Control,NMDA,spearman,shared_expressed,23958,0.9016393939339359,17989,1070,False,raw.X
HC,Control_vs_NMDA,Control,NMDA,cosine,shared_expressed,23958,0.9015945196151733,17989,1070,False,raw.X
HC,LD_vs_NMDA,LD,NMDA,pearson,shared_expressed,23958,0.9788435388171207,692,1070,False,raw.X
HC,LD_vs_NMDA,LD,NMDA,spearman,shared_expressed,23958,0.9541448205197632,692,1070,False,raw.X
HC,LD_vs_NMDA,LD,NMDA,cosine,shared_expressed,23958,0.9818001985549927,692,1070,False,raw.X
HC,Control_vs_LD,Control,LD,pearson,hvg_500,500,0.38379508769764387,17989,692,False,raw.X
HC,Control_vs_LD,Control,LD,spearman,hvg_500,500,0.7073370640964823,17989,692,False,raw.X
HC,Control_vs_LD,Control,LD,cosine,hvg_500,500,0.4473661780357361,17989,692,False,raw.X
HC,Control_vs_NMDA,Control,NMDA,pearson,hvg_500,500,0.3868908513089611,17989,1070,False,raw.X
HC,Control_vs_NMDA,Control,NMDA,spearman,hvg_500,500,0.6359243304369196,17989,1070,False,raw.X
HC,Control_vs_NMDA,Control,NMDA,cosine,hvg_500,500,0.474740207195282,17989,1070,False,raw.X
HC,LD_vs_NMDA,LD,NMDA,pearson,hvg_500,500,0.9488858620742907,692,1070,False,raw.X
HC,LD_vs_NMDA,LD,NMDA,spearman,hvg_500,500,0.9024058571351907,692,1070,False,raw.X
HC,LD_vs_NMDA,LD,NMDA,cosine,hvg_500,500,0.9510546326637268,692,1070,False,raw.X
HC,Control_vs_LD,Control,LD,pearson,hvg_1000,1000,0.49098921865310374,17989,692,False,raw.X
HC,Control_vs_LD,Control,LD,spearman,hvg_1000,1000,0.7712776028904569,17989,692,False,raw.X
HC,Control_vs_LD,Control,LD,cosine,hvg_1000,1000,0.5489984750747681,17989,692,False,raw.X
HC,Control_vs_NMDA,Control,NMDA,pearson,hvg_1000,1000,0.4741753944113014,17989,1070,False,raw.X
HC,Control_vs_NMDA,Control,NMDA,spearman,hvg_1000,1000,0.7445990034626742,17989,1070,False,raw.X
HC,Control_vs_NMDA,Control,NMDA,cosine,hvg_1000,1000,0.5453817844390869,17989,1070,False,raw.X
HC,LD_vs_NMDA,LD,NMDA,pearson,hvg_1000,1000,0.9545440853169319,692,1070,False,raw.X
HC,LD_vs_NMDA,LD,NMDA,spearman,hvg_1000,1000,0.9235188845794776,692,1070,False,raw.X
HC,LD_vs_NMDA,LD,NMDA,cosine,hvg_1000,1000,0.9581032395362854,692,1070,False,raw.X
HC,Control_vs_LD,Control,LD,pearson,hvg_2000,2000,0.5716304280556985,17989,692,False,raw.X
HC,Control_vs_LD,Control,LD,spearman,hvg_2000,2000,0.8058595785465226,17989,692,False,raw.X
HC,Control_vs_LD,Control,LD,cosine,hvg_2000,2000,0.6167835593223572,17989,692,False,raw.X
HC,Control_vs_NMDA,Control,NMDA,pearson,hvg_2000,2000,0.5620778448377245,17989,1070,False,raw.X
HC,Control_vs_NMDA,Control,NMDA,spearman,hvg_2000,2000,0.800101664457425,17989,1070,False,raw.X
HC,Control_vs_NMDA,Control,NMDA,cosine,hvg_2000,2000,0.6147079467773438,17989,1070,False,raw.X
HC,LD_vs_NMDA,LD,NMDA,pearson,hvg_2000,2000,0.9604128684444491,692,1070,False,raw.X
HC,LD_vs_NMDA,LD,NMDA,spearman,hvg_2000,2000,0.9236055278207282,692,1070,False,raw.X
HC,LD_vs_NMDA,LD,NMDA,cosine,hvg_2000,2000,0.9635756611824036,692,1070,False,raw.X
MG,Control_vs_LD,Control,LD,pearson,shared_expressed,23924,0.8848631453718937,8707,4835,False,raw.X
MG,Control_vs_LD,Control,LD,spearman,shared_expressed,23924,0.9042803522331654,8707,4835,False,raw.X
MG,Control_vs_LD,Control,LD,cosine,shared_expressed,23924,0.9015917778015137,8707,4835,False,raw.X
MG,Control_vs_NMDA,Control,NMDA,pearson,shared_expressed,23924,0.8968137950876214,8707,4611,False,raw.X
MG,Control_vs_NMDA,Control,NMDA,spearman,shared_expressed,23924,0.9103117728902111,8707,4611,False,raw.X
MG,Control_vs_NMDA,Control,NMDA,cosine,shared_expressed,23924,0.9110029339790344,8707,4611,False,raw.X
MG,LD_vs_NMDA,LD,NMDA,pearson,shared_expressed,23924,0.9798489137652889,4835,4611,False,raw.X
MG,LD_vs_NMDA,LD,NMDA,spearman,shared_expressed,23924,0.9796583826364665,4835,4611,False,raw.X
MG,LD_vs_NMDA,LD,NMDA,cosine,shared_expressed,23924,0.9825456738471985,4835,4611,False,raw.X
MG,Control_vs_LD,Control,LD,pearson,hvg_500,500,0.40389660566606317,8707,4835,False,raw.X
MG,Control_vs_LD,Control,LD,spearman,hvg_500,500,0.6480222533027992,8707,4835,False,raw.X
MG,Control_vs_LD,Control,LD,cosine,hvg_500,500,0.48733973503112793,8707,4835,False,raw.X
MG,Control_vs_NMDA,Control,NMDA,pearson,hvg_500,500,0.40629124411670575,8707,4611,False,raw.X
MG,Control_vs_NMDA,Control,NMDA,spearman,hvg_500,500,0.6526272286026409,8707,4611,False,raw.X
MG,Control_vs_NMDA,Control,NMDA,cosine,hvg_500,500,0.49653589725494385,8707,4611,False,raw.X
MG,LD_vs_NMDA,LD,NMDA,pearson,hvg_500,500,0.8524286767088572,4835,4611,False,raw.X
MG,LD_vs_NMDA,LD,NMDA,spearman,hvg_500,500,0.9491658730913559,4835,4611,False,raw.X
MG,LD_vs_NMDA,LD,NMDA,cosine,hvg_500,500,0.8672484159469604,4835,4611,False,raw.X
MG,Control_vs_LD,Control,LD,pearson,hvg_1000,1000,0.4216199566967244,8707,4835,False,raw.X
MG,Control_vs_LD,Control,LD,spearman,hvg_1000,1000,0.7360575886911134,8707,4835,False,raw.X
MG,Control_vs_LD,Control,LD,cosine,hvg_1000,1000,0.49485552310943604,8707,4835,False,raw.X
MG,Control_vs_NMDA,Control,NMDA,pearson,hvg_1000,1000,0.43472523120063605,8707,4611,False,raw.X
MG,Control_vs_NMDA,Control,NMDA,spearman,hvg_1000,1000,0.7372128186157799,8707,4611,False,raw.X
MG,Control_vs_NMDA,Control,NMDA,cosine,hvg_1000,1000,0.51326584815979,8707,4611,False,raw.X
MG,LD_vs_NMDA,LD,NMDA,pearson,hvg_1000,1000,0.9013209382380633,4835,4611,False,raw.X
MG,LD_vs_NMDA,LD,NMDA,spearman,hvg_1000,1000,0.9527370919396059,4835,4611,False,raw.X
MG,LD_vs_NMDA,LD,NMDA,cosine,hvg_1000,1000,0.9102731347084045,4835,4611,False,raw.X
MG,Control_vs_LD,Control,LD,pearson,hvg_2000,2000,0.5500276913269997,8707,4835,False,raw.X
MG,Control_vs_LD,Control,LD,spearman,hvg_2000,2000,0.7927720607675197,8707,4835,False,raw.X
MG,Control_vs_LD,Control,LD,cosine,hvg_2000,2000,0.5963353514671326,8707,4835,False,raw.X
MG,Control_vs_NMDA,Control,NMDA,pearson,hvg_2000,2000,0.5652145716868384,8707,4611,False,raw.X
MG,Control_vs_NMDA,Control,NMDA,spearman,hvg_2000,2000,0.7909047812889953,8707,4611,False,raw.X
MG,Control_vs_NMDA,Control,NMDA,cosine,hvg_2000,2000,0.6163219809532166,8707,4611,False,raw.X
MG,LD_vs_NMDA,LD,NMDA,pearson,hvg_2000,2000,0.9438101435064159,4835,4611,False,raw.X
MG,LD_vs_NMDA,LD,NMDA,spearman,hvg_2000,2000,0.9584247978289465,4835,4611,False,raw.X
MG,LD_vs_NMDA,LD,NMDA,cosine,hvg_2000,2000,0.9481852650642395,4835,4611,False,raw.X
MGPC,Control_vs_LD,Control,LD,pearson,shared_expressed,23048,0.8687094527170963,1515,1743,False,raw.X
MGPC,Control_vs_LD,Control,LD,spearman,shared_expressed,23048,0.8677024473482685,1515,1743,False,raw.X
MGPC,Control_vs_LD,Control,LD,cosine,shared_expressed,23048,0.8877274990081787,1515,1743,False,raw.X
MGPC,Control_vs_NMDA,Control,NMDA,pearson,shared_expressed,23048,0.8904012562680664,1515,2273,False,raw.X
MGPC,Control_vs_NMDA,Control,NMDA,spearman,shared_expressed,23048,0.8926473861637678,1515,2273,False,raw.X
MGPC,Control_vs_NMDA,Control,NMDA,cosine,shared_expressed,23048,0.9049066305160522,1515,2273,False,raw.X
MGPC,LD_vs_NMDA,LD,NMDA,pearson,shared_expressed,23048,0.9879433290482809,1743,2273,False,raw.X
MGPC,LD_vs_NMDA,LD,NMDA,spearman,shared_expressed,23048,0.9742165284516153,1743,2273,False,raw.X
MGPC,LD_vs_NMDA,LD,NMDA,cosine,shared_expressed,23048,0.9894601106643677,1743,2273,False,raw.X
MGPC,Control_vs_LD,Control,LD,pearson,hvg_500,500,0.6677519143114853,1515,1743,False,raw.X
MGPC,Control_vs_LD,Control,LD,spearman,hvg_500,500,0.669952242832197,1515,1743,False,raw.X
MGPC,Control_vs_LD,Control,LD,cosine,hvg_500,500,0.6890469193458557,1515,1743,False,raw.X
MGPC,Control_vs_NMDA,Control,NMDA,pearson,hvg_500,500,0.7214724945566459,1515,2273,False,raw.X
MGPC,Control_vs_NMDA,Control,NMDA,spearman,hvg_500,500,0.709064170760816,1515,2273,False,raw.X
MGPC,Control_vs_NMDA,Control,NMDA,cosine,hvg_500,500,0.7570070028305054,1515,2273,False,raw.X
MGPC,LD_vs_NMDA,LD,NMDA,pearson,hvg_500,500,0.9752378489105507,1743,2273,False,raw.X
MGPC,LD_vs_NMDA,LD,NMDA,spearman,hvg_500,500,0.9152121790846808,1743,2273,False,raw.X
MGPC,LD_vs_NMDA,LD,NMDA,cosine,hvg_500,500,0.9744399785995483,1743,2273,False,raw.X
MGPC,Control_vs_LD,Control,LD,pearson,hvg_1000,1000,0.6431958602906043,1515,1743,False,raw.X
MGPC,Control_vs_LD,Control,LD,spearman,hvg_1000,1000,0.7310559576951398,1515,1743,False,raw.X
MGPC,Control_vs_LD,Control,LD,cosine,hvg_1000,1000,0.6612051725387573,1515,1743,False,raw.X
MGPC,Control_vs_NMDA,Control,NMDA,pearson,hvg_1000,1000,0.7158115007011716,1515,2273,False,raw.X
MGPC,Control_vs_NMDA,Control,NMDA,spearman,hvg_1000,1000,0.767849945776378,1515,2273,False,raw.X
MGPC,Control_vs_NMDA,Control,NMDA,cosine,hvg_1000,1000,0.7467051148414612,1515,2273,False,raw.X
MGPC,LD_vs_NMDA,LD,NMDA,pearson,hvg_1000,1000,0.974618494318567,1743,2273,False,raw.X
MGPC,LD_vs_NMDA,LD,NMDA,spearman,hvg_1000,1000,0.932505739827482,1743,2273,False,raw.X
MGPC,LD_vs_NMDA,LD,NMDA,cosine,hvg_1000,1000,0.973645031452179,1743,2273,False,raw.X
MGPC,Control_vs_LD,Control,LD,pearson,hvg_2000,2000,0.6540569168831182,1515,1743,False,raw.X
MGPC,Control_vs_LD,Control,LD,spearman,hvg_2000,2000,0.8085311722838106,1515,1743,False,raw.X
MGPC,Control_vs_LD,Control,LD,cosine,hvg_2000,2000,0.6730120778083801,1515,1743,False,raw.X
MGPC,Control_vs_NMDA,Control,NMDA,pearson,hvg_2000,2000,0.7294938762551489,1515,2273,False,raw.X
MGPC,Control_vs_NMDA,Control,NMDA,spearman,hvg_2000,2000,0.8339051239809002,1515,2273,False,raw.X
MGPC,Control_vs_NMDA,Control,NMDA,cosine,hvg_2000,2000,0.757092297077179,1515,2273,False,raw.X
MGPC,LD_vs_NMDA,LD,NMDA,pearson,hvg_2000,2000,0.9755797339400049,1743,2273,False,raw.X
MGPC,LD_vs_NMDA,LD,NMDA,spearman,hvg_2000,2000,0.9470861273623963,1743,2273,False,raw.X
MGPC,LD_vs_NMDA,LD,NMDA,cosine,hvg_2000,2000,0.9751147031784058,1743,2273,False,raw.X
PR precursors,Control_vs_LD,Control,LD,pearson,shared_expressed,22166,0.8892773193297514,1175,1619,False,raw.X
PR precursors,Control_vs_LD,Control,LD,spearman,shared_expressed,22166,0.8635741947977403,1175,1619,False,raw.X
PR precursors,Control_vs_LD,Control,LD,cosine,shared_expressed,22166,0.9035215377807617,1175,1619,False,raw.X
PR precursors,Control_vs_NMDA,Control,NMDA,pearson,shared_expressed,22166,0.9003562862592064,1175,2140,False,raw.X
PR precursors,Control_vs_NMDA,Control,NMDA,spearman,shared_expressed,22166,0.8822703504897668,1175,2140,False,raw.X
PR precursors,Control_vs_NMDA,Control,NMDA,cosine,shared_expressed,22166,0.9108352065086365,1175,2140,False,raw.X
PR precursors,LD_vs_NMDA,LD,NMDA,pearson,shared_expressed,22166,0.9886796429913695,1619,2140,False,raw.X
PR precursors,LD_vs_NMDA,LD,NMDA,spearman,shared_expressed,22166,0.9683638519207964,1619,2140,False,raw.X
PR precursors,LD_vs_NMDA,LD,NMDA,cosine,shared_expressed,22166,0.9897083044052124,1619,2140,False,raw.X
PR precursors,Control_vs_LD,Control,LD,pearson,hvg_500,500,0.5696811409163416,1175,1619,False,raw.X
PR precursors,Control_vs_LD,Control,LD,spearman,hvg_500,500,0.7558058819550793,1175,1619,False,raw.X
PR precursors,Control_vs_LD,Control,LD,cosine,hvg_500,500,0.5926472544670105,1175,1619,False,raw.X
PR precursors,Control_vs_NMDA,Control,NMDA,pearson,hvg_500,500,0.6511620877474414,1175,2140,False,raw.X
PR precursors,Control_vs_NMDA,Control,NMDA,spearman,hvg_500,500,0.7832572956732489,1175,2140,False,raw.X
PR precursors,Control_vs_NMDA,Control,NMDA,cosine,hvg_500,500,0.6755462288856506,1175,2140,False,raw.X
PR precursors,LD_vs_NMDA,LD,NMDA,pearson,hvg_500,500,0.9740810499193948,1619,2140,False,raw.X
PR precursors,LD_vs_NMDA,LD,NMDA,spearman,hvg_500,500,0.9366919324678485,1619,2140,False,raw.X
PR precursors,LD_vs_NMDA,LD,NMDA,cosine,hvg_500,500,0.9748632311820984,1619,2140,False,raw.X
PR precursors,Control_vs_LD,Control,LD,pearson,hvg_1000,1000,0.5996482926029645,1175,1619,False,raw.X
PR precursors,Control_vs_LD,Control,LD,spearman,hvg_1000,1000,0.7974769041872871,1175,1619,False,raw.X
PR precursors,Control_vs_LD,Control,LD,cosine,hvg_1000,1000,0.6263258457183838,1175,1619,False,raw.X
PR precursors,Control_vs_NMDA,Control,NMDA,pearson,hvg_1000,1000,0.6706383515266636,1175,2140,False,raw.X
PR precursors,Control_vs_NMDA,Control,NMDA,spearman,hvg_1000,1000,0.824674513812527,1175,2140,False,raw.X
PR precursors,Control_vs_NMDA,Control,NMDA,cosine,hvg_1000,1000,0.6990050077438354,1175,2140,False,raw.X
PR precursors,LD_vs_NMDA,LD,NMDA,pearson,hvg_1000,1000,0.9710042703572115,1619,2140,False,raw.X
PR precursors,LD_vs_NMDA,LD,NMDA,spearman,hvg_1000,1000,0.9422196881081447,1619,2140,False,raw.X
PR precursors,LD_vs_NMDA,LD,NMDA,cosine,hvg_1000,1000,0.9722470045089722,1619,2140,False,raw.X
PR precursors,Control_vs_LD,Control,LD,pearson,hvg_2000,2000,0.6596513994969423,1175,1619,False,raw.X
PR precursors,Control_vs_LD,Control,LD,spearman,hvg_2000,2000,0.8087620061562133,1175,1619,False,raw.X
PR precursors,Control_vs_LD,Control,LD,cosine,hvg_2000,2000,0.6819422841072083,1175,1619,False,raw.X
PR precursors,Control_vs_NMDA,Control,NMDA,pearson,hvg_2000,2000,0.7201260628914817,1175,2140,False,raw.X
PR precursors,Control_vs_NMDA,Control,NMDA,spearman,hvg_2000,2000,0.8367340256189333,1175,2140,False,raw.X
PR precursors,Control_vs_NMDA,Control,NMDA,cosine,hvg_2000,2000,0.7409582138061523,1175,2140,False,raw.X
PR precursors,LD_vs_NMDA,LD,NMDA,pearson,hvg_2000,2000,0.9732413597346518,1619,2140,False,raw.X
PR precursors,LD_vs_NMDA,LD,NMDA,spearman,hvg_2000,2000,0.9351274459881805,1619,2140,False,raw.X
PR precursors,LD_vs_NMDA,LD,NMDA,cosine,hvg_2000,2000,0.9747553467750549,1619,2140,False,raw.X
RGC,Control_vs_LD,Control,LD,pearson,shared_expressed,23603,0.8894800508612084,4299,157,False,raw.X
RGC,Control_vs_LD,Control,LD,spearman,shared_expressed,23603,0.9034366802028563,4299,157,False,raw.X
RGC,Control_vs_LD,Control,LD,cosine,shared_expressed,23603,0.9114472270011902,4299,157,False,raw.X
RGC,Control_vs_NMDA,Control,NMDA,pearson,shared_expressed,23603,0.8943878254046671,4299,456,False,raw.X
RGC,Control_vs_NMDA,Control,NMDA,spearman,shared_expressed,23603,0.9125463738777532,4299,456,False,raw.X
RGC,Control_vs_NMDA,Control,NMDA,cosine,shared_expressed,23603,0.915155291557312,4299,456,False,raw.X
RGC,LD_vs_NMDA,LD,NMDA,pearson,shared_expressed,23603,0.9853357764688178,157,456,False,raw.X
RGC,LD_vs_NMDA,LD,NMDA,spearman,shared_expressed,23603,0.9549383062589473,157,456,False,raw.X
RGC,LD_vs_NMDA,LD,NMDA,cosine,shared_expressed,23603,0.9882320761680603,157,456,False,raw.X
RGC,Control_vs_LD,Control,LD,pearson,hvg_500,500,0.4306346419344139,4299,157,False,raw.X
RGC,Control_vs_LD,Control,LD,spearman,hvg_500,500,0.6067422930727135,4299,157,False,raw.X
RGC,Control_vs_LD,Control,LD,cosine,hvg_500,500,0.5772969126701355,4299,157,False,raw.X
RGC,Control_vs_NMDA,Control,NMDA,pearson,hvg_500,500,0.40054487137903877,4299,456,False,raw.X
RGC,Control_vs_NMDA,Control,NMDA,spearman,hvg_500,500,0.654206458951316,4299,456,False,raw.X
RGC,Control_vs_NMDA,Control,NMDA,cosine,hvg_500,500,0.5631504058837891,4299,456,False,raw.X
RGC,LD_vs_NMDA,LD,NMDA,pearson,hvg_500,500,0.8716813754226517,157,456,False,raw.X
RGC,LD_vs_NMDA,LD,NMDA,spearman,hvg_500,500,0.8747573045118702,157,456,False,raw.X
RGC,LD_vs_NMDA,LD,NMDA,cosine,hvg_500,500,0.8996632695198059,157,456,False,raw.X
RGC,Control_vs_LD,Control,LD,pearson,hvg_1000,1000,0.57535294383091,4299,157,False,raw.X
RGC,Control_vs_LD,Control,LD,spearman,hvg_1000,1000,0.7138563930995001,4299,157,False,raw.X
RGC,Control_vs_LD,Control,LD,cosine,hvg_1000,1000,0.6779553890228271,4299,157,False,raw.X
RGC,Control_vs_NMDA,Control,NMDA,pearson,hvg_1000,1000,0.5882878426419275,4299,456,False,raw.X
RGC,Control_vs_NMDA,Control,NMDA,spearman,hvg_1000,1000,0.7470720003057447,4299,456,False,raw.X
RGC,Control_vs_NMDA,Control,NMDA,cosine,hvg_1000,1000,0.6910209059715271,4299,456,False,raw.X
RGC,LD_vs_NMDA,LD,NMDA,pearson,hvg_1000,1000,0.9108541219509095,157,456,False,raw.X
RGC,LD_vs_NMDA,LD,NMDA,spearman,hvg_1000,1000,0.9057527925773103,157,456,False,raw.X
RGC,LD_vs_NMDA,LD,NMDA,cosine,hvg_1000,1000,0.9304574131965637,157,456,False,raw.X
RGC,Control_vs_LD,Control,LD,pearson,hvg_2000,2000,0.7029797068160001,4299,157,False,raw.X
RGC,Control_vs_LD,Control,LD,spearman,hvg_2000,2000,0.7814350759776197,4299,157,False,raw.X
RGC,Control_vs_LD,Control,LD,cosine,hvg_2000,2000,0.7656705379486084,4299,157,False,raw.X
RGC,Control_vs_NMDA,Control,NMDA,pearson,hvg_2000,2000,0.7154012922522445,4299,456,False,raw.X
RGC,Control_vs_NMDA,Control,NMDA,spearman,hvg_2000,2000,0.8115393379995943,4299,456,False,raw.X
RGC,Control_vs_NMDA,Control,NMDA,cosine,hvg_2000,2000,0.7777521014213562,4299,456,False,raw.X
RGC,LD_vs_NMDA,LD,NMDA,pearson,hvg_2000,2000,0.9475480871124827,157,456,False,raw.X
RGC,LD_vs_NMDA,LD,NMDA,spearman,hvg_2000,2000,0.9219556859560091,157,456,False,raw.X
RGC,LD_vs_NMDA,LD,NMDA,cosine,hvg_2000,2000,0.9575459361076355,157,456,False,raw.X
Rod,Control_vs_LD,Control,LD,pearson,shared_expressed,23526,0.7879994503122827,6384,886,False,raw.X
Rod,Control_vs_LD,Control,LD,spearman,shared_expressed,23526,0.8730329975242793,6384,886,False,raw.X
Rod,Control_vs_LD,Control,LD,cosine,shared_expressed,23526,0.8206837773323059,6384,886,False,raw.X
Rod,Control_vs_NMDA,Control,NMDA,pearson,shared_expressed,23526,0.6929485316571325,6384,2120,False,raw.X
Rod,Control_vs_NMDA,Control,NMDA,spearman,shared_expressed,23526,0.8560001774469723,6384,2120,False,raw.X
Rod,Control_vs_NMDA,Control,NMDA,cosine,shared_expressed,23526,0.7406052350997925,6384,2120,False,raw.X
Rod,LD_vs_NMDA,LD,NMDA,pearson,shared_expressed,23526,0.9138824466513584,886,2120,False,raw.X
Rod,LD_vs_NMDA,LD,NMDA,spearman,shared_expressed,23526,0.9565472219318722,886,2120,False,raw.X
Rod,LD_vs_NMDA,LD,NMDA,cosine,shared_expressed,23526,0.9277012944221497,886,2120,False,raw.X
Rod,Control_vs_LD,Control,LD,pearson,hvg_500,500,0.25116316844265907,6384,886,False,raw.X
Rod,Control_vs_LD,Control,LD,spearman,hvg_500,500,0.5641910089172036,6384,886,False,raw.X
Rod,Control_vs_LD,Control,LD,cosine,hvg_500,500,0.4147777557373047,6384,886,False,raw.X
Rod,Control_vs_NMDA,Control,NMDA,pearson,hvg_500,500,0.1642482213873131,6384,2120,False,raw.X
Rod,Control_vs_NMDA,Control,NMDA,spearman,hvg_500,500,0.5259129442719299,6384,2120,False,raw.X
Rod,Control_vs_NMDA,Control,NMDA,cosine,hvg_500,500,0.3474298417568207,6384,2120,False,raw.X
Rod,LD_vs_NMDA,LD,NMDA,pearson,hvg_500,500,0.7972298240184774,886,2120,False,raw.X
Rod,LD_vs_NMDA,LD,NMDA,spearman,hvg_500,500,0.9424839891806019,886,2120,False,raw.X
Rod,LD_vs_NMDA,LD,NMDA,cosine,hvg_500,500,0.8304996490478516,886,2120,False,raw.X
Rod,Control_vs_LD,Control,LD,pearson,hvg_1000,1000,0.41403284152342656,6384,886,False,raw.X
Rod,Control_vs_LD,Control,LD,spearman,hvg_1000,1000,0.6734482083416384,6384,886,False,raw.X
Rod,Control_vs_LD,Control,LD,cosine,hvg_1000,1000,0.5179292559623718,6384,886,False,raw.X
Rod,Control_vs_NMDA,Control,NMDA,pearson,hvg_1000,1000,0.3818183361302097,6384,2120,False,raw.X
Rod,Control_vs_NMDA,Control,NMDA,spearman,hvg_1000,1000,0.6550198261283064,6384,2120,False,raw.X
Rod,Control_vs_NMDA,Control,NMDA,cosine,hvg_1000,1000,0.4999941289424896,6384,2120,False,raw.X
Rod,LD_vs_NMDA,LD,NMDA,pearson,hvg_1000,1000,0.8549024006230534,886,2120,False,raw.X
Rod,LD_vs_NMDA,LD,NMDA,spearman,hvg_1000,1000,0.9493352395566587,886,2120,False,raw.X
Rod,LD_vs_NMDA,LD,NMDA,cosine,hvg_1000,1000,0.8746359944343567,886,2120,False,raw.X
Rod,Control_vs_LD,Control,LD,pearson,hvg_2000,2000,0.5242971464646563,6384,886,False,raw.X
Rod,Control_vs_LD,Control,LD,spearman,hvg_2000,2000,0.7504212635302777,6384,886,False,raw.X
Rod,Control_vs_LD,Control,LD,cosine,hvg_2000,2000,0.5923414826393127,6384,886,False,raw.X
Rod,Control_vs_NMDA,Control,NMDA,pearson,hvg_2000,2000,0.4055906116111119,6384,2120,False,raw.X
Rod,Control_vs_NMDA,Control,NMDA,spearman,hvg_2000,2000,0.7443787534351698,6384,2120,False,raw.X
Rod,Control_vs_NMDA,Control,NMDA,cosine,hvg_2000,2000,0.4969164729118347,6384,2120,False,raw.X
Rod,LD_vs_NMDA,LD,NMDA,pearson,hvg_2000,2000,0.8514849984478635,886,2120,False,raw.X
Rod,LD_vs_NMDA,LD,NMDA,spearman,hvg_2000,2000,0.9412886257030086,886,2120,False,raw.X
Rod,LD_vs_NMDA,LD,NMDA,cosine,hvg_2000,2000,0.8687819838523865,886,2120,False,raw.X
